_id,日付,曜,中央区1,中央区2,中央区3,中央区4,中央区5,中央区6,豊平区1,豊平区2,豊平区3,豊平区4,清田区1,清田区2,北区1,北区2,北区3,北区4,北区5,北区6,東区1,東区2,東区3,東区4,東区5,東区6,白石区1,白石区2,白石区3,白石区4,厚別区1,厚別区2,厚別区3,厚別区4,南区1,南区2,南区3,南区4,南区5,南区6,南区7,西区1,西区2,西区3,西区4,手稲区1,手稲区2,手稲区3
1,2025-10-01T00:00:00,水,11,9,8,9,8,11,9,11,8,8,11,9,2,8,9,9,2,8,9,2,8,9,2,8,10,8,9,10,8,10,10,9,8,9,10,8,8,10,9,8,9,10,10,9,8,10
2,2025-10-02T00:00:00,木,1,1,1,8,11,9,8,9,11,1,1,1,1,1,1,8,9,2,1,1,1,8,9,2,8,9,10,1,1,1,1,1,1,1,1,9,10,8,10,1,1,1,8,10,9,9
3,2025-10-03T00:00:00,金,9,8,11,1,1,1,1,1,1,9,8,11,8,9,2,1,1,1,8,9,2,1,1,1,1,1,1,9,10,8,9,8,10,8,9,1,1,1,1,10,8,9,1,1,1,1
4,2025-10-04T00:00:00,土,,,,,,,,,,,,,,,,,,,,,,,,,,,,,,,,,,,,,,,,,,,,,,
5,2025-10-05T00:00:00,日,,,,,,,,,,,,,,,,,,,,,,,,,,,,,,,,,,,,,,,,,,,,,,
6,2025-10-06T00:00:00,月,1,1,1,10,9,8,10,8,9,1,1,1,1,1,1,10,8,9,1,1,1,10,8,9,9,11,8,1,1,1,1,1,1,1,1,2,9,9,8,1,1,1,9,8,2,8
7,2025-10-07T00:00:00,火,8,10,9,1,1,1,1,1,1,10,9,8,9,10,8,1,1,1,10,8,9,1,1,1,1,1,1,8,9,9,8,11,9,2,8,1,1,1,1,9,2,8,1,1,1,1
8,2025-10-08T00:00:00,水,10,9,8,9,8,10,9,10,8,8,10,9,10,8,9,9,10,8,9,10,8,9,10,8,11,8,9,11,8,11,11,9,8,9,2,8,8,2,9,8,9,2,2,9,8,2
9,2025-10-09T00:00:00,木,1,1,1,8,10,9,8,9,10,1,1,1,1,1,1,8,9,10,1,1,1,8,9,10,8,9,11,1,1,1,1,1,1,1,1,9,2,8,2,1,1,1,8,2,9,9
10,2025-10-10T00:00:00,金,9,8,10,1,1,1,1,1,1,9,8,10,8,9,10,1,1,1,8,9,10,1,1,1,1,1,1,9,11,8,9,8,2,8,9,1,1,1,1,2,8,9,1,1,1,1
11,2025-10-11T00:00:00,土,,,,,,,,,,,,,,,,,,,,,,,,,,,,,,,,,,,,,,,,,,,,,,
12,2025-10-12T00:00:00,日,,,,,,,,,,,,,,,,,,,,,,,,,,,,,,,,,,,,,,,,,,,,,,
13,2025-10-13T00:00:00,月,1,1,1,2,9,8,2,8,9,1,1,1,1,1,1,11,8,9,1,1,1,11,8,9,9,10,8,1,1,1,1,1,1,1,1,10,9,9,8,1,1,1,9,8,10,8
14,2025-10-14T00:00:00,火,8,2,9,1,1,1,1,1,1,2,9,8,9,11,8,1,1,1,11,8,9,1,1,1,1,1,1,8,9,9,8,10,9,10,8,1,1,1,1,9,10,8,1,1,1,1
15,2025-10-15T00:00:00,水,2,9,8,9,8,2,9,2,8,8,2,9,11,8,9,9,11,8,9,11,8,9,11,8,10,8,9,10,8,10,10,9,8,9,10,8,8,10,9,8,9,10,10,9,8,10
16,2025-10-16T00:00:00,木,1,1,1,8,2,9,8,9,2,1,1,1,1,1,1,8,9,11,1,1,1,8,9,11,8,9,10,1,1,1,1,1,1,1,1,9,10,8,10,1,1,1,8,10,9,9
17,2025-10-17T00:00:00,金,9,8,2,1,1,1,1,1,1,9,8,2,8,9,11,1,1,1,8,9,11,1,1,1,1,1,1,9,10,8,9,8,10,8,9,1,1,1,1,10,8,9,1,1,1,1
18,2025-10-18T00:00:00,土,,,,,,,,,,,,,,,,,,,,,,,,,,,,,,,,,,,,,,,,,,,,,,
19,2025-10-19T00:00:00,日,,,,,,,,,,,,,,,,,,,,,,,,,,,,,,,,,,,,,,,,,,,,,,
20,2025-10-20T00:00:00,月,1,1,1,10,9,8,10,8,9,1,1,1,1,1,1,10,8,9,1,1,1,10,8,9,9,2,8,1,1,1,1,1,1,1,1,11,9,9,8,1,1,1,9,8,11,8
21,2025-10-21T00:00:00,火,8,10,9,1,1,1,1,1,1,10,9,8,9,10,8,1,1,1,10,8,9,1,1,1,1,1,1,8,9,9,8,2,9,11,8,1,1,1,1,9,11,8,1,1,1,1
22,2025-10-22T00:00:00,水,10,9,8,9,8,10,9,10,8,8,10,9,10,8,9,9,10,8,9,10,8,9,10,8,2,8,9,2,8,2,2,9,8,9,11,8,8,11,9,8,9,11,11,9,8,11
23,2025-10-23T00:00:00,木,1,1,1,8,10,9,8,9,10,1,1,1,1,1,1,8,9,10,1,1,1,8,9,10,8,9,2,1,1,1,1,1,1,1,1,9,11,8,11,1,1,1,8,11,9,9
24,2025-10-24T00:00:00,金,9,8,10,1,1,1,1,1,1,9,8,10,8,9,10,1,1,1,8,9,10,1,1,1,1,1,1,9,2,8,9,8,11,8,9,1,1,1,1,11,8,9,1,1,1,1
25,2025-10-25T00:00:00,土,,,,,,,,,,,,,,,,,,,,,,,,,,,,,,,,,,,,,,,,,,,,,,
26,2025-10-26T00:00:00,日,,,,,,,,,,,,,,,,,,,,,,,,,,,,,,,,,,,,,,,,,,,,,,
27,2025-10-27T00:00:00,月,1,1,1,11,9,8,11,8,9,1,1,1,1,1,1,2,8,9,1,1,1,2,8,9,9,10,8,1,1,1,1,1,1,1,1,10,9,9,8,1,1,1,9,8,10,8
28,2025-10-28T00:00:00,火,8,11,9,1,1,1,1,1,1,11,9,8,9,2,8,1,1,1,2,8,9,1,1,1,1,1,1,8,9,9,8,10,9,10,8,1,1,1,1,9,10,8,1,1,1,1
29,2025-10-29T00:00:00,水,11,9,8,9,8,11,9,11,8,8,11,9,2,8,9,9,2,8,9,2,8,9,2,8,10,8,9,10,8,10,10,9,8,9,10,8,8,10,9,8,9,10,10,9,8,10
30,2025-10-30T00:00:00,木,1,1,1,8,11,9,8,9,11,1,1,1,1,1,1,8,9,2,1,1,1,8,9,2,8,9,10,1,1,1,1,1,1,1,1,9,10,8,10,1,1,1,8,10,9,9
31,2025-10-31T00:00:00,金,9,8,11,1,1,1,1,1,1,9,8,11,8,9,2,1,1,1,8,9,2,1,1,1,1,1,1,9,10,8,9,8,10,8,9,1,1,1,1,10,8,9,1,1,1,1
32,2025-11-01T00:00:00,土,,,,,,,,,,,,,,,,,,,,,,,,,,,,,,,,,,,,,,,,,,,,,,
33,2025-11-02T00:00:00,日,,,,,,,,,,,,,,,,,,,,,,,,,,,,,,,,,,,,,,,,,,,,,,
34,2025-11-03T00:00:00,月,1,1,1,10,9,8,10,8,9,1,1,1,1,1,1,10,8,9,1,1,1,10,8,9,9,11,8,1,1,1,1,1,1,1,1,2,9,9,8,1,1,1,9,8,2,8
35,2025-11-04T00:00:00,火,8,10,9,1,1,1,1,1,1,10,9,8,9,10,8,1,1,1,10,8,9,1,1,1,1,1,1,8,9,9,8,11,9,2,8,1,1,1,1,9,2,8,1,1,1,1
36,2025-11-05T00:00:00,水,10,9,8,9,8,10,9,10,8,8,10,9,10,8,9,9,10,8,9,10,8,9,10,8,11,8,9,11,8,11,11,9,8,9,2,8,8,2,9,8,9,2,2,9,8,2
37,2025-11-06T00:00:00,木,1,1,1,8,10,9,8,9,10,1,1,1,1,1,1,8,9,10,1,1,1,8,9,10,8,9,11,1,1,1,1,1,1,1,1,9,2,8,2,1,1,1,8,2,9,9
38,2025-11-07T00:00:00,金,9,8,10,1,1,1,1,1,1,9,8,10,8,9,10,1,1,1,8,9,10,1,1,1,1,1,1,9,11,8,9,8,2,8,9,1,1,1,1,2,8,9,1,1,1,1
39,2025-11-08T00:00:00,土,,,,,,,,,,,,,,,,,,,,,,,,,,,,,,,,,,,,,,,,,,,,,,
40,2025-11-09T00:00:00,日,,,,,,,,,,,,,,,,,,,,,,,,,,,,,,,,,,,,,,,,,,,,,,
41,2025-11-10T00:00:00,月,1,1,1,2,9,8,2,8,9,1,1,1,1,1,1,11,8,9,1,1,1,11,8,9,9,10,8,1,1,1,1,1,1,1,1,10,9,9,8,1,1,1,9,8,10,8
42,2025-11-11T00:00:00,火,8,2,9,1,1,1,1,1,1,2,9,8,9,11,8,1,1,1,11,8,9,1,1,1,1,1,1,8,9,9,8,10,9,10,8,1,1,1,1,9,10,8,1,1,1,1
43,2025-11-12T00:00:00,水,2,9,8,9,8,2,9,2,8,8,2,9,11,8,9,9,11,8,9,11,8,9,11,8,10,8,9,10,8,10,10,9,8,9,10,8,8,10,9,8,9,10,10,9,8,10
44,2025-11-13T00:00:00,木,1,1,1,8,2,9,8,9,2,1,1,1,1,1,1,8,9,11,1,1,1,8,9,11,8,9,10,1,1,1,1,1,1,1,1,9,10,8,10,1,1,1,8,10,9,9
45,2025-11-14T00:00:00,金,9,8,2,1,1,1,1,1,1,9,8,2,8,9,11,1,1,1,8,9,11,1,1,1,1,1,1,9,10,8,9,8,10,8,9,1,1,1,1,10,8,9,1,1,1,1
46,2025-11-15T00:00:00,土,,,,,,,,,,,,,,,,,,,,,,,,,,,,,,,,,,,,,,,,,,,,,,
47,2025-11-16T00:00:00,日,,,,,,,,,,,,,,,,,,,,,,,,,,,,,,,,,,,,,,,,,,,,,,
48,2025-11-17T00:00:00,月,1,1,1,10,9,8,10,8,9,1,1,1,1,1,1,10,8,9,1,1,1,10,8,9,9,2,8,1,1,1,1,1,1,1,1,11,9,9,8,1,1,1,9,8,11,8
49,2025-11-18T00:00:00,火,8,10,9,1,1,1,1,1,1,10,9,8,9,10,8,1,1,1,10,8,9,1,1,1,1,1,1,8,9,9,8,2,9,11,8,1,1,1,1,9,11,8,1,1,1,1
50,2025-11-19T00:00:00,水,10,9,8,9,8,10,9,10,8,8,10,9,10,8,9,9,10,8,9,10,8,9,10,8,2,8,9,2,8,2,2,9,8,9,11,8,8,11,9,8,9,11,11,9,8,11
51,2025-11-20T00:00:00,木,1,1,1,8,10,9,8,9,10,1,1,1,1,1,1,8,9,10,1,1,1,8,9,10,8,9,2,1,1,1,1,1,1,1,1,9,11,8,11,1,1,1,8,11,9,9
52,2025-11-21T00:00:00,金,9,8,10,1,1,1,1,1,1,9,8,10,8,9,10,1,1,1,8,9,10,1,1,1,1,1,1,9,2,8,9,8,11,8,9,1,1,1,1,11,8,9,1,1,1,1
53,2025-11-22T00:00:00,土,,,,,,,,,,,,,,,,,,,,,,,,,,,,,,,,,,,,,,,,,,,,,,
54,2025-11-23T00:00:00,日,,,,,,,,,,,,,,,,,,,,,,,,,,,,,,,,,,,,,,,,,,,,,,
55,2025-11-24T00:00:00,月,1,1,1,11,9,8,11,8,9,1,1,1,1,1,1,2,8,9,1,1,1,2,8,9,9,10,8,1,1,1,1,1,1,1,1,10,9,9,8,1,1,1,9,8,10,8
56,2025-11-25T00:00:00,火,8,11,9,1,1,1,1,1,1,11,9,8,9,2,8,1,1,1,2,8,9,1,1,1,1,1,1,8,9,9,8,10,9,10,8,1,1,1,1,9,10,8,1,1,1,1
57,2025-11-26T00:00:00,水,11,9,8,9,8,11,9,11,8,8,11,9,2,8,9,9,2,8,9,2,8,9,2,8,10,8,9,10,8,10,10,9,8,9,10,8,8,10,9,8,9,10,10,9,8,10
58,2025-11-27T00:00:00,木,1,1,1,8,11,9,8,9,11,1,1,1,1,1,1,8,9,2,1,1,1,8,9,2,8,9,10,1,1,1,1,1,1,1,1,9,10,8,10,1,1,1,8,10,9,9
59,2025-11-28T00:00:00,金,9,8,11,1,1,1,1,1,1,9,8,11,8,9,2,1,1,1,8,9,2,1,1,1,1,1,1,9,10,8,9,8,10,8,9,1,1,1,1,10,8,9,1,1,1,1
60,2025-11-29T00:00:00,土,,,,,,,,,,,,,,,,,,,,,,,,,,,,,,,,,,,,,,,,,,,,,,
61,2025-11-30T00:00:00,日,,,,,,,,,,,,,,,,,,,,,,,,,,,,,,,,,,,,,,,,,,,,,,
62,2025-12-01T00:00:00,月,1,1,1,10,9,8,10,8,9,1,1,1,1,1,1,10,8,9,1,1,1,10,8,9,9,11,8,1,1,1,1,1,1,1,1,2,9,9,8,1,1,1,9,8,2,8
63,2025-12-02T00:00:00,火,8,10,9,1,1,1,1,1,1,10,9,8,9,10,8,1,1,1,10,8,9,1,1,1,1,1,1,8,9,9,8,11,9,2,8,1,1,1,1,9,2,8,1,1,1,1
64,2025-12-03T00:00:00,水,10,9,8,9,8,10,9,10,8,8,10,9,10,8,9,9,10,8,9,10,8,9,10,8,11,8,9,11,8,11,11,9,8,9,2,8,8,2,9,8,9,2,2,9,8,2
65,2025-12-04T00:00:00,木,1,1,1,8,10,9,8,9,10,1,1,1,1,1,1,8,9,10,1,1,1,8,9,10,8,9,11,1,1,1,1,1,1,1,1,9,2,8,2,1,1,1,8,2,9,9
66,2025-12-05T00:00:00,金,9,8,10,1,1,1,1,1,1,9,8,10,8,9,10,1,1,1,8,9,10,1,1,1,1,1,1,9,11,8,9,8,2,8,9,1,1,1,1,2,8,9,1,1,1,1
67,2025-12-06T00:00:00,土,,,,,,,,,,,,,,,,,,,,,,,,,,,,,,,,,,,,,,,,,,,,,,
68,2025-12-07T00:00:00,日,,,,,,,,,,,,,,,,,,,,,,,,,,,,,,,,,,,,,,,,,,,,,,
69,2025-12-08T00:00:00,月,1,1,1,2,9,8,2,8,9,1,1,1,1,1,1,11,8,9,1,1,1,11,8,9,9,10,8,1,1,1,1,1,1,1,1,10,9,9,8,1,1,1,9,8,10,8
70,2025-12-09T00:00:00,火,8,2,9,1,1,1,1,1,1,2,9,8,9,11,8,1,1,1,11,8,9,1,1,1,1,1,1,8,9,9,8,10,9,10,8,1,1,1,1,9,10,8,1,1,1,1
71,2025-12-10T00:00:00,水,2,9,8,9,8,2,9,2,8,8,2,9,11,8,9,9,11,8,9,11,8,9,11,8,10,8,9,10,8,10,10,9,8,9,10,8,8,10,9,8,9,10,10,9,8,10
72,2025-12-11T00:00:00,木,1,1,1,8,2,9,8,9,2,1,1,1,1,1,1,8,9,0,1,1,1,8,9,0,8,9,10,1,1,1,1,1,1,1,1,9,10,8,10,1,1,1,8,10,9,9
73,2025-12-12T00:00:00,金,9,8,2,1,1,1,1,1,1,9,8,2,8,9,0,1,1,1,8,9,0,1,1,1,1,1,1,9,10,8,9,8,10,8,9,1,1,1,1,10,8,9,1,1,1,1
74,2025-12-13T00:00:00,土,,,,,,,,,,,,,,,,,,,,,,,,,,,,,,,,,,,,,,,,,,,,,,
75,2025-12-14T00:00:00,日,,,,,,,,,,,,,,,,,,,,,,,,,,,,,,,,,,,,,,,,,,,,,,
76,2025-12-15T00:00:00,月,1,1,1,10,9,8,10,8,9,1,1,1,1,1,1,10,8,9,1,1,1,10,8,9,9,2,8,1,1,1,1,1,1,1,1,0,9,9,8,1,1,1,9,8,0,8
77,2025-12-16T00:00:00,火,8,10,9,1,1,1,1,1,1,10,9,8,9,10,8,1,1,1,10,8,9,1,1,1,1,1,1,8,9,9,8,2,9,0,8,1,1,1,1,9,0,8,1,1,1,1
78,2025-12-17T00:00:00,水,10,9,8,9,8,10,9,10,8,8,10,9,10,8,9,9,10,8,9,10,8,9,10,8,2,8,9,2,8,2,2,9,8,9,0,8,8,0,9,8,9,0,0,9,8,0
79,2025-12-18T00:00:00,木,1,1,1,8,10,9,8,9,10,1,1,1,1,1,1,8,9,10,1,1,1,8,9,10,8,9,2,1,1,1,1,1,1,1,1,9,0,8,0,1,1,1,8,0,9,9
80,2025-12-19T00:00:00,金,9,8,10,1,1,1,1,1,1,9,8,10,8,9,10,1,1,1,8,9,10,1,1,1,1,1,1,9,2,8,9,8,0,8,9,1,1,1,1,0,8,9,1,1,1,1
81,2025-12-20T00:00:00,土,,,,,,,,,,,,,,,,,,,,,,,,,,,,,,,,,,,,,,,,,,,,,,
82,2025-12-21T00:00:00,日,,,,,,,,,,,,,,,,,,,,,,,,,,,,,,,,,,,,,,,,,,,,,,
83,2025-12-22T00:00:00,月,1,1,1,0,9,8,0,8,9,1,1,1,1,1,1,2,8,9,1,1,1,2,8,9,9,10,8,1,1,1,1,1,1,1,1,10,9,9,8,1,1,1,9,8,10,8
84,2025-12-23T00:00:00,火,8,0,9,1,1,1,1,1,1,0,9,8,9,2,8,1,1,1,2,8,9,1,1,1,1,1,1,8,9,9,8,10,9,10,8,1,1,1,1,9,10,8,1,1,1,1
85,2025-12-24T00:00:00,水,0,9,8,9,8,0,9,0,8,8,0,9,2,8,9,9,2,8,9,2,8,9,2,8,10,8,9,10,8,10,10,9,8,9,10,8,8,10,9,8,9,10,10,9,8,10
86,2025-12-25T00:00:00,木,1,1,1,8,0,9,8,9,0,1,1,1,1,1,1,8,9,2,1,1,1,8,9,2,8,9,10,1,1,1,1,1,1,1,1,9,10,8,10,1,1,1,8,10,9,9
87,2025-12-26T00:00:00,金,9,8,0,1,1,1,1,1,1,9,8,0,8,9,2,1,1,1,8,9,2,1,1,1,1,1,1,9,10,8,9,8,10,8,9,1,1,1,1,10,8,9,1,1,1,1
88,2025-12-27T00:00:00,土,,,,,,,,,,,,,,,,,,,,,,,,,,,,,,,,,,,,,,,,,,,,,,
89,2025-12-28T00:00:00,日,,,,,,,,,,,,,,,,,,,,,,,,,,,,,,,,,,,,,,,,,,,,,,
90,2025-12-29T00:00:00,月,1,1,1,10,9,8,10,8,9,1,1,1,1,1,1,10,8,9,1,1,1,10,8,9,9,0,8,1,1,1,1,1,1,1,1,2,9,9,8,1,1,1,9,8,2,8
91,2025-12-30T00:00:00,火,8,10,9,1,1,1,1,1,1,10,9,8,9,10,8,1,1,1,10,8,9,1,1,1,1,1,1,8,9,9,8,0,9,2,8,1,1,1,1,9,2,8,1,1,1,1
92,2025-12-31T00:00:00,水,,,,,,,,,,,,,,,,,,,,,,,,,,,,,,,,,,,,,,,,,,,,,,
93,2026-01-01T00:00:00,木,,,,,,,,,,,,,,,,,,,,,,,,,,,,,,,,,,,,,,,,,,,,,,
94,2026-01-02T00:00:00,金,,,,,,,,,,,,,,,,,,,,,,,,,,,,,,,,,,,,,,,,,,,,,,
95,2026-01-03T00:00:00,土,,,,,,,,,,,,,,,,,,,,,,,,,,,,,,,,,,,,,,,,,,,,,,
96,2026-01-04T00:00:00,日,,,,,,,,,,,,,,,,,,,,,,,,,,,,,,,,,,,,,,,,,,,,,,
97,2026-01-05T00:00:00,月,1,1,1,,9,8,,8,9,1,1,1,1,1,1,,8,9,1,1,1,,8,9,9,0,8,1,1,1,1,1,1,1,1,,9,9,8,1,1,1,9,8,,8
98,2026-01-06T00:00:00,火,8,,9,1,1,1,1,1,1,,9,8,9,,8,1,1,1,,8,9,1,1,1,1,1,1,8,9,9,8,0,9,,8,1,1,1,1,9,,8,1,1,1,1
99,2026-01-07T00:00:00,水,10,9,8,9,8,10,9,10,8,8,10,9,10,8,9,9,10,8,9,10,8,9,10,8,0,8,9,0,8,0,0,9,8,9,2,8,8,2,9,8,9,2,2,9,8,2
100,2026-01-08T00:00:00,木,1,1,1,8,10,9,8,9,10,1,1,1,1,1,1,8,9,10,1,1,1,8,9,10,8,9,0,1,1,1,1,1,1,1,1,9,2,8,2,1,1,1,8,2,9,9
101,2026-01-09T00:00:00,金,9,8,10,1,1,1,1,1,1,9,8,10,8,9,10,1,1,1,8,9,10,1,1,1,1,1,1,9,0,8,9,8,2,8,9,1,1,1,1,2,8,9,1,1,1,1
102,2026-01-10T00:00:00,土,,,,,,,,,,,,,,,,,,,,,,,,,,,,,,,,,,,,,,,,,,,,,,
103,2026-01-11T00:00:00,日,,,,,,,,,,,,,,,,,,,,,,,,,,,,,,,,,,,,,,,,,,,,,,
104,2026-01-12T00:00:00,月,1,1,1,2,9,8,2,8,9,1,1,1,1,1,1,0,8,9,1,1,1,0,8,9,9,10,8,1,1,1,1,1,1,1,1,10,9,9,8,1,1,1,9,8,10,8
105,2026-01-13T00:00:00,火,8,2,9,1,1,1,1,1,1,2,9,8,9,0,8,1,1,1,0,8,9,1,1,1,1,1,1,8,9,9,8,10,9,10,8,1,1,1,1,9,10,8,1,1,1,1
106,2026-01-14T00:00:00,水,2,9,8,9,8,2,9,2,8,8,2,9,0,8,9,9,0,8,9,0,8,9,0,8,10,8,9,10,8,10,10,9,8,9,10,8,8,10,9,8,9,10,10,9,8,10
107,2026-01-15T00:00:00,木,1,1,1,8,2,9,8,9,2,1,1,1,1,1,1,8,9,0,1,1,1,8,9,0,8,9,10,1,1,1,1,1,1,1,1,9,10,8,10,1,1,1,8,10,9,9
108,2026-01-16T00:00:00,金,9,8,2,1,1,1,1,1,1,9,8,2,8,9,0,1,1,1,8,9,0,1,1,1,1,1,1,9,10,8,9,8,10,8,9,1,1,1,1,10,8,9,1,1,1,1
109,2026-01-17T00:00:00,土,,,,,,,,,,,,,,,,,,,,,,,,,,,,,,,,,,,,,,,,,,,,,,
110,2026-01-18T00:00:00,日,,,,,,,,,,,,,,,,,,,,,,,,,,,,,,,,,,,,,,,,,,,,,,
111,2026-01-19T00:00:00,月,1,1,1,10,9,8,10,8,9,1,1,1,1,1,1,10,8,9,1,1,1,10,8,9,9,2,8,1,1,1,1,1,1,1,1,0,9,9,8,1,1,1,9,8,0,8
112,2026-01-20T00:00:00,火,8,10,9,1,1,1,1,1,1,10,9,8,9,10,8,1,1,1,10,8,9,1,1,1,1,1,1,8,9,9,8,2,9,0,8,1,1,1,1,9,0,8,1,1,1,1
113,2026-01-21T00:00:00,水,10,9,8,9,8,10,9,10,8,8,10,9,10,8,9,9,10,8,9,10,8,9,10,8,2,8,9,2,8,2,2,9,8,9,0,8,8,0,9,8,9,0,0,9,8,0
114,2026-01-22T00:00:00,木,1,1,1,8,10,9,8,9,10,1,1,1,1,1,1,8,9,10,1,1,1,8,9,10,8,9,2,1,1,1,1,1,1,1,1,9,0,8,0,1,1,1,8,0,9,9
115,2026-01-23T00:00:00,金,9,8,10,1,1,1,1,1,1,9,8,10,8,9,10,1,1,1,8,9,10,1,1,1,1,1,1,9,2,8,9,8,0,8,9,1,1,1,1,0,8,9,1,1,1,1
116,2026-01-24T00:00:00,土,,,,,,,,,,,,,,,,,,,,,,,,,,,,,,,,,,,,,,,,,,,,,,
117,2026-01-25T00:00:00,日,,,,,,,,,,,,,,,,,,,,,,,,,,,,,,,,,,,,,,,,,,,,,,
118,2026-01-26T00:00:00,月,1,1,1,0,9,8,0,8,9,1,1,1,1,1,1,2,8,9,1,1,1,2,8,9,9,10,8,1,1,1,1,1,1,1,1,10,9,9,8,1,1,1,9,8,10,8
119,2026-01-27T00:00:00,火,8,0,9,1,1,1,1,1,1,0,9,8,9,2,8,1,1,1,2,8,9,1,1,1,1,1,1,8,9,9,8,10,9,10,8,1,1,1,1,9,10,8,1,1,1,1
120,2026-01-28T00:00:00,水,0,9,8,9,8,0,9,0,8,8,0,9,2,8,9,9,2,8,9,2,8,9,2,8,10,8,9,10,8,10,10,9,8,9,10,8,8,10,9,8,9,10,10,9,8,10
121,2026-01-29T00:00:00,木,1,1,1,8,0,9,8,9,0,1,1,1,1,1,1,8,9,2,1,1,1,8,9,2,8,9,10,1,1,1,1,1,1,1,1,9,10,8,10,1,1,1,8,10,9,9
122,2026-01-30T00:00:00,金,9,8,0,1,1,1,1,1,1,9,8,0,8,9,2,1,1,1,8,9,2,1,1,1,1,1,1,9,10,8,9,8,10,8,9,1,1,1,1,10,8,9,1,1,1,1
123,2026-01-31T00:00:00,土,,,,,,,,,,,,,,,,,,,,,,,,,,,,,,,,,,,,,,,,,,,,,,
124,2026-02-01T00:00:00,日,,,,,,,,,,,,,,,,,,,,,,,,,,,,,,,,,,,,,,,,,,,,,,
125,2026-02-02T00:00:00,月,1,1,1,10,9,8,10,8,9,1,1,1,1,1,1,10,8,9,1,1,1,10,8,9,9,0,8,1,1,1,1,1,1,1,1,2,9,9,8,1,1,1,9,8,2,8
126,2026-02-03T00:00:00,火,8,10,9,1,1,1,1,1,1,10,9,8,9,10,8,1,1,1,10,8,9,1,1,1,1,1,1,8,9,9,8,0,9,2,8,1,1,1,1,9,2,8,1,1,1,1
127,2026-02-04T00:00:00,水,10,9,8,9,8,10,9,10,8,8,10,9,10,8,9,9,10,8,9,10,8,9,10,8,0,8,9,0,8,0,0,9,8,9,2,8,8,2,9,8,9,2,2,9,8,2
128,2026-02-05T00:00:00,木,1,1,1,8,10,9,8,9,10,1,1,1,1,1,1,8,9,10,1,1,1,8,9,10,8,9,0,1,1,1,1,1,1,1,1,9,2,8,2,1,1,1,8,2,9,9
129,2026-02-06T00:00:00,金,9,8,10,1,1,1,1,1,1,9,8,10,8,9,10,1,1,1,8,9,10,1,1,1,1,1,1,9,0,8,9,8,2,8,9,1,1,1,1,2,8,9,1,1,1,1
130,2026-02-07T00:00:00,土,,,,,,,,,,,,,,,,,,,,,,,,,,,,,,,,,,,,,,,,,,,,,,
131,2026-02-08T00:00:00,日,,,,,,,,,,,,,,,,,,,,,,,,,,,,,,,,,,,,,,,,,,,,,,
132,2026-02-09T00:00:00,月,1,1,1,2,9,8,2,8,9,1,1,1,1,1,1,0,8,9,1,1,1,0,8,9,9,10,8,1,1,1,1,1,1,1,1,10,9,9,8,1,1,1,9,8,10,8
133,2026-02-10T00:00:00,火,8,2,9,1,1,1,1,1,1,2,9,8,9,0,8,1,1,1,0,8,9,1,1,1,1,1,1,8,9,9,8,10,9,10,8,1,1,1,1,9,10,8,1,1,1,1
134,2026-02-11T00:00:00,水,2,9,8,9,8,2,9,2,8,8,2,9,0,8,9,9,0,8,9,0,8,9,0,8,10,8,9,10,8,10,10,9,8,9,10,8,8,10,9,8,9,10,10,9,8,10
135,2026-02-12T00:00:00,木,1,1,1,8,2,9,8,9,2,1,1,1,1,1,1,8,9,0,1,1,1,8,9,0,8,9,10,1,1,1,1,1,1,1,1,9,10,8,10,1,1,1,8,10,9,9
136,2026-02-13T00:00:00,金,9,8,2,1,1,1,1,1,1,9,8,2,8,9,0,1,1,1,8,9,0,1,1,1,1,1,1,9,10,8,9,8,10,8,9,1,1,1,1,10,8,9,1,1,1,1
137,2026-02-14T00:00:00,土,,,,,,,,,,,,,,,,,,,,,,,,,,,,,,,,,,,,,,,,,,,,,,
138,2026-02-15T00:00:00,日,,,,,,,,,,,,,,,,,,,,,,,,,,,,,,,,,,,,,,,,,,,,,,
139,2026-02-16T00:00:00,月,1,1,1,10,9,8,10,8,9,1,1,1,1,1,1,10,8,9,1,1,1,10,8,9,9,2,8,1,1,1,1,1,1,1,1,0,9,9,8,1,1,1,9,8,0,8
140,2026-02-17T00:00:00,火,8,10,9,1,1,1,1,1,1,10,9,8,9,10,8,1,1,1,10,8,9,1,1,1,1,1,1,8,9,9,8,2,9,0,8,1,1,1,1,9,0,8,1,1,1,1
141,2026-02-18T00:00:00,水,10,9,8,9,8,10,9,10,8,8,10,9,10,8,9,9,10,8,9,10,8,9,10,8,2,8,9,2,8,2,2,9,8,9,0,8,8,0,9,8,9,0,0,9,8,0
142,2026-02-19T00:00:00,木,1,1,1,8,10,9,8,9,10,1,1,1,1,1,1,8,9,10,1,1,1,8,9,10,8,9,2,1,1,1,1,1,1,1,1,9,0,8,0,1,1,1,8,0,9,9
143,2026-02-20T00:00:00,金,9,8,10,1,1,1,1,1,1,9,8,10,8,9,10,1,1,1,8,9,10,1,1,1,1,1,1,9,2,8,9,8,0,8,9,1,1,1,1,0,8,9,1,1,1,1
144,2026-02-21T00:00:00,土,,,,,,,,,,,,,,,,,,,,,,,,,,,,,,,,,,,,,,,,,,,,,,
145,2026-02-22T00:00:00,日,,,,,,,,,,,,,,,,,,,,,,,,,,,,,,,,,,,,,,,,,,,,,,
146,2026-02-23T00:00:00,月,1,1,1,0,9,8,0,8,9,1,1,1,1,1,1,2,8,9,1,1,1,2,8,9,9,10,8,1,1,1,1,1,1,1,1,10,9,9,8,1,1,1,9,8,10,8
147,2026-02-24T00:00:00,火,8,0,9,1,1,1,1,1,1,0,9,8,9,2,8,1,1,1,2,8,9,1,1,1,1,1,1,8,9,9,8,10,9,10,8,1,1,1,1,9,10,8,1,1,1,1
148,2026-02-25T00:00:00,水,0,9,8,9,8,0,9,0,8,8,0,9,2,8,9,9,2,8,9,2,8,9,2,8,10,8,9,10,8,10,10,9,8,9,10,8,8,10,9,8,9,10,10,9,8,10
149,2026-02-26T00:00:00,木,1,1,1,8,0,9,8,9,0,1,1,1,1,1,1,8,9,2,1,1,1,8,9,2,8,9,10,1,1,1,1,1,1,1,1,9,10,8,10,1,1,1,8,10,9,9
150,2026-02-27T00:00:00,金,9,8,0,1,1,1,1,1,1,9,8,0,8,9,2,1,1,1,8,9,2,1,1,1,1,1,1,9,10,8,9,8,10,8,9,1,1,1,1,10,8,9,1,1,1,1
151,2026-02-28T00:00:00,土,,,,,,,,,,,,,,,,,,,,,,,,,,,,,,,,,,,,,,,,,,,,,,
152,2026-03-01T00:00:00,日,,,,,,,,,,,,,,,,,,,,,,,,,,,,,,,,,,,,,,,,,,,,,,
153,2026-03-02T00:00:00,月,1,1,1,10,9,8,10,8,9,1,1,1,1,1,1,10,8,9,1,1,1,10,8,9,9,0,8,1,1,1,1,1,1,1,1,2,9,9,8,1,1,1,9,8,2,8
154,2026-03-03T00:00:00,火,8,10,9,1,1,1,1,1,1,10,9,8,9,10,8,1,1,1,10,8,9,1,1,1,1,1,1,8,9,9,8,0,9,2,8,1,1,1,1,9,2,8,1,1,1,1
155,2026-03-04T00:00:00,水,10,9,8,9,8,10,9,10,8,8,10,9,10,8,9,9,10,8,9,10,8,9,10,8,0,8,9,0,8,0,0,9,8,9,2,8,8,2,9,8,9,2,2,9,8,2
156,2026-03-05T00:00:00,木,1,1,1,8,10,9,8,9,10,1,1,1,1,1,1,8,9,10,1,1,1,8,9,10,8,9,0,1,1,1,1,1,1,1,1,9,2,8,2,1,1,1,8,2,9,9
157,2026-03-06T00:00:00,金,9,8,10,1,1,1,1,1,1,9,8,10,8,9,10,1,1,1,8,9,10,1,1,1,1,1,1,9,0,8,9,8,2,8,9,1,1,1,1,2,8,9,1,1,1,1
158,2026-03-07T00:00:00,土,,,,,,,,,,,,,,,,,,,,,,,,,,,,,,,,,,,,,,,,,,,,,,
159,2026-03-08T00:00:00,日,,,,,,,,,,,,,,,,,,,,,,,,,,,,,,,,,,,,,,,,,,,,,,
160,2026-03-09T00:00:00,月,1,1,1,2,9,8,2,8,9,1,1,1,1,1,1,0,8,9,1,1,1,0,8,9,9,10,8,1,1,1,1,1,1,1,1,10,9,9,8,1,1,1,9,8,10,8
161,2026-03-10T00:00:00,火,8,2,9,1,1,1,1,1,1,2,9,8,9,0,8,1,1,1,0,8,9,1,1,1,1,1,1,8,9,9,8,10,9,10,8,1,1,1,1,9,10,8,1,1,1,1
162,2026-03-11T00:00:00,水,2,9,8,9,8,2,9,2,8,8,2,9,0,8,9,9,0,8,9,0,8,9,0,8,10,8,9,10,8,10,10,9,8,9,10,8,8,10,9,8,9,10,10,9,8,10
163,2026-03-12T00:00:00,木,1,1,1,8,2,9,8,9,2,1,1,1,1,1,1,8,9,0,1,1,1,8,9,0,8,9,10,1,1,1,1,1,1,1,1,9,10,8,10,1,1,1,8,10,9,9
164,2026-03-13T00:00:00,金,9,8,2,1,1,1,1,1,1,9,8,2,8,9,0,1,1,1,8,9,0,1,1,1,1,1,1,9,10,8,9,8,10,8,9,1,1,1,1,10,8,9,1,1,1,1
165,2026-03-14T00:00:00,土,,,,,,,,,,,,,,,,,,,,,,,,,,,,,,,,,,,,,,,,,,,,,,
166,2026-03-15T00:00:00,日,,,,,,,,,,,,,,,,,,,,,,,,,,,,,,,,,,,,,,,,,,,,,,
167,2026-03-16T00:00:00,月,1,1,1,10,9,8,10,8,9,1,1,1,1,1,1,10,8,9,1,1,1,10,8,9,9,2,8,1,1,1,1,1,1,1,1,0,9,9,8,1,1,1,9,8,0,8
168,2026-03-17T00:00:00,火,8,10,9,1,1,1,1,1,1,10,9,8,9,10,8,1,1,1,10,8,9,1,1,1,1,1,1,8,9,9,8,2,9,0,8,1,1,1,1,9,0,8,1,1,1,1
169,2026-03-18T00:00:00,水,10,9,8,9,8,10,9,10,8,8,10,9,10,8,9,9,10,8,9,10,8,9,10,8,2,8,9,2,8,2,2,9,8,9,0,8,8,0,9,8,9,0,0,9,8,0
170,2026-03-19T00:00:00,木,1,1,1,8,10,9,8,9,10,1,1,1,1,1,1,8,9,10,1,1,1,8,9,10,8,9,2,1,1,1,1,1,1,1,1,9,0,8,0,1,1,1,8,0,9,9
171,2026-03-20T00:00:00,金,9,8,10,1,1,1,1,1,1,9,8,10,8,9,10,1,1,1,8,9,10,1,1,1,1,1,1,9,2,8,9,8,0,8,9,1,1,1,1,0,8,9,1,1,1,1
172,2026-03-21T00:00:00,土,,,,,,,,,,,,,,,,,,,,,,,,,,,,,,,,,,,,,,,,,,,,,,
173,2026-03-22T00:00:00,日,,,,,,,,,,,,,,,,,,,,,,,,,,,,,,,,,,,,,,,,,,,,,,
174,2026-03-23T00:00:00,月,1,1,1,0,9,8,0,8,9,1,1,1,1,1,1,2,8,9,1,1,1,2,8,9,9,10,8,1,1,1,1,1,1,1,1,10,9,9,8,1,1,1,9,8,10,8
175,2026-03-24T00:00:00,火,8,0,9,1,1,1,1,1,1,0,9,8,9,2,8,1,1,1,2,8,9,1,1,1,1,1,1,8,9,9,8,10,9,10,8,1,1,1,1,9,10,8,1,1,1,1
176,2026-03-25T00:00:00,水,0,9,8,9,8,0,9,0,8,8,0,9,2,8,9,9,2,8,9,2,8,9,2,8,10,8,9,10,8,10,10,9,8,9,10,8,8,10,9,8,9,10,10,9,8,10
177,2026-03-26T00:00:00,木,1,1,1,8,0,9,8,9,0,1,1,1,1,1,1,8,9,2,1,1,1,8,9,2,8,9,10,1,1,1,1,1,1,1,1,9,10,8,10,1,1,1,8,10,9,9
178,2026-03-27T00:00:00,金,9,8,0,1,1,1,1,1,1,9,8,0,8,9,2,1,1,1,8,9,2,1,1,1,1,1,1,9,10,8,9,8,10,8,9,1,1,1,1,10,8,9,1,1,1,1
179,2026-03-28T00:00:00,土,,,,,,,,,,,,,,,,,,,,,,,,,,,,,,,,,,,,,,,,,,,,,,
180,2026-03-29T00:00:00,日,,,,,,,,,,,,,,,,,,,,,,,,,,,,,,,,,,,,,,,,,,,,,,
181,2026-03-30T00:00:00,月,1,1,1,10,9,8,10,8,9,1,1,1,1,1,1,10,8,9,1,1,1,10,8,9,9,0,8,1,1,1,1,1,1,1,1,2,9,9,8,1,1,1,9,8,2,8
182,2026-03-31T00:00:00,火,8,10,9,1,1,1,1,1,1,10,9,8,9,10,8,1,1,1,10,8,9,1,1,1,1,1,1,8,9,9,8,0,9,2,8,1,1,1,1,9,2,8,1,1,1,1
183,2026-04-01T00:00:00,水,10,9,8,9,8,10,9,10,8,8,10,9,10,8,9,9,10,8,9,10,8,9,10,8,0,8,9,0,8,0,0,9,8,9,2,8,8,2,9,8,9,2,2,9,8,2
184,2026-04-02T00:00:00,木,1,1,1,8,10,9,8,9,10,1,1,1,1,1,1,8,9,10,1,1,1,8,9,10,8,9,0,1,1,1,1,1,1,1,1,9,2,8,2,1,1,1,8,2,9,9
185,2026-04-03T00:00:00,金,9,8,10,1,1,1,1,1,1,9,8,10,8,9,10,1,1,1,8,9,10,1,1,1,1,1,1,9,0,8,9,8,2,8,9,1,1,1,1,2,8,9,1,1,1,1
186,2026-04-04T00:00:00,土,,,,,,,,,,,,,,,,,,,,,,,,,,,,,,,,,,,,,,,,,,,,,,
187,2026-04-05T00:00:00,日,,,,,,,,,,,,,,,,,,,,,,,,,,,,,,,,,,,,,,,,,,,,,,
188,2026-04-06T00:00:00,月,1,1,1,2,9,8,2,8,9,1,1,1,1,1,1,0,8,9,1,1,1,0,8,9,9,10,8,1,1,1,1,1,1,1,1,10,9,9,8,1,1,1,9,8,10,8
189,2026-04-07T00:00:00,火,8,2,9,1,1,1,1,1,1,2,9,8,9,0,8,1,1,1,0,8,9,1,1,1,1,1,1,8,9,9,8,10,9,10,8,1,1,1,1,9,10,8,1,1,1,1
190,2026-04-08T00:00:00,水,2,9,8,9,8,2,9,2,8,8,2,9,0,8,9,9,0,8,9,0,8,9,0,8,10,8,9,10,8,10,10,9,8,9,10,8,8,10,9,8,9,10,10,9,8,10
191,2026-04-09T00:00:00,木,1,1,1,8,2,9,8,9,2,1,1,1,1,1,1,8,9,0,1,1,1,8,9,0,8,9,10,1,1,1,1,1,1,1,1,9,10,8,10,1,1,1,8,10,9,9
192,2026-04-10T00:00:00,金,9,8,2,1,1,1,1,1,1,9,8,2,8,9,0,1,1,1,8,9,0,1,1,1,1,1,1,9,10,8,9,8,10,8,9,1,1,1,1,10,8,9,1,1,1,1
193,2026-04-11T00:00:00,土,,,,,,,,,,,,,,,,,,,,,,,,,,,,,,,,,,,,,,,,,,,,,,
194,2026-04-12T00:00:00,日,,,,,,,,,,,,,,,,,,,,,,,,,,,,,,,,,,,,,,,,,,,,,,
195,2026-04-13T00:00:00,月,1,1,1,10,9,8,10,8,9,1,1,1,1,1,1,10,8,9,1,1,1,10,8,9,9,2,8,1,1,1,1,1,1,1,1,0,9,9,8,1,1,1,9,8,0,8
196,2026-04-14T00:00:00,火,8,10,9,1,1,1,1,1,1,10,9,8,9,10,8,1,1,1,10,8,9,1,1,1,1,1,1,8,9,9,8,2,9,0,8,1,1,1,1,9,0,8,1,1,1,1
197,2026-04-15T00:00:00,水,10,9,8,9,8,10,9,10,8,8,10,9,10,8,9,9,10,8,9,10,8,9,10,8,2,8,9,2,8,2,2,9,8,9,0,8,8,0,9,8,9,0,0,9,8,0
198,2026-04-16T00:00:00,木,1,1,1,8,10,9,8,9,10,1,1,1,1,1,1,8,9,10,1,1,1,8,9,10,8,9,2,1,1,1,1,1,1,1,1,9,0,8,0,1,1,1,8,0,9,9
199,2026-04-17T00:00:00,金,9,8,10,1,1,1,1,1,1,9,8,10,8,9,10,1,1,1,8,9,10,1,1,1,1,1,1,9,2,8,9,8,0,8,9,1,1,1,1,0,8,9,1,1,1,1
200,2026-04-18T00:00:00,土,,,,,,,,,,,,,,,,,,,,,,,,,,,,,,,,,,,,,,,,,,,,,,
201,2026-04-19T00:00:00,日,,,,,,,,,,,,,,,,,,,,,,,,,,,,,,,,,,,,,,,,,,,,,,
202,2026-04-20T00:00:00,月,1,1,1,0,9,8,0,8,9,1,1,1,1,1,1,2,8,9,1,1,1,2,8,9,9,10,8,1,1,1,1,1,1,1,1,10,9,9,8,1,1,1,9,8,10,8
203,2026-04-21T00:00:00,火,8,0,9,1,1,1,1,1,1,0,9,8,9,2,8,1,1,1,2,8,9,1,1,1,1,1,1,8,9,9,8,10,9,10,8,1,1,1,1,9,10,8,1,1,1,1
204,2026-04-22T00:00:00,水,0,9,8,9,8,0,9,0,8,8,0,9,2,8,9,9,2,8,9,2,8,9,2,8,10,8,9,10,8,10,10,9,8,9,10,8,8,10,9,8,9,10,10,9,8,10
205,2026-04-23T00:00:00,木,1,1,1,8,0,9,8,9,0,1,1,1,1,1,1,8,9,2,1,1,1,8,9,2,8,9,10,1,1,1,1,1,1,1,1,9,10,8,10,1,1,1,8,10,9,9
206,2026-04-24T00:00:00,金,9,8,0,1,1,1,1,1,1,9,8,0,8,9,2,1,1,1,8,9,2,1,1,1,1,1,1,9,10,8,9,8,10,8,9,1,1,1,1,10,8,9,1,1,1,1
207,2026-04-25T00:00:00,土,,,,,,,,,,,,,,,,,,,,,,,,,,,,,,,,,,,,,,,,,,,,,,
208,2026-04-26T00:00:00,日,,,,,,,,,,,,,,,,,,,,,,,,,,,,,,,,,,,,,,,,,,,,,,
209,2026-04-27T00:00:00,月,1,1,1,10,9,8,10,8,9,1,1,1,1,1,1,10,8,9,1,1,1,10,8,9,9,0,8,1,1,1,1,1,1,1,1,2,9,9,8,1,1,1,9,8,2,8
210,2026-04-28T00:00:00,火,8,10,9,1,1,1,1,1,1,10,9,8,9,10,8,1,1,1,10,8,9,1,1,1,1,1,1,8,9,9,8,0,9,2,8,1,1,1,1,9,2,8,1,1,1,1
211,2026-04-29T00:00:00,水,10,9,8,9,8,10,9,10,8,8,10,9,10,8,9,9,10,8,9,10,8,9,10,8,0,8,9,0,8,0,0,9,8,9,2,8,8,2,9,8,9,2,2,9,8,2
212,2026-04-30T00:00:00,木,1,1,1,8,10,9,8,9,10,1,1,1,1,1,1,8,9,10,1,1,1,8,9,10,8,9,0,1,1,1,1,1,1,1,1,9,2,8,2,1,1,1,8,2,9,9
213,2026-05-01T00:00:00,金,9,8,10,1,1,1,1,1,1,9,8,10,8,9,10,1,1,1,8,9,10,1,1,1,1,1,1,9,11,8,9,8,2,8,9,1,1,1,1,2,8,9,1,1,1,1
214,2026-05-02T00:00:00,土,,,,,,,,,,,,,,,,,,,,,,,,,,,,,,,,,,,,,,,,,,,,,,
215,2026-05-03T00:00:00,日,,,,,,,,,,,,,,,,,,,,,,,,,,,,,,,,,,,,,,,,,,,,,,
216,2026-05-04T00:00:00,月,1,1,1,2,9,8,2,8,9,1,1,1,1,1,1,11,8,9,1,1,1,11,8,9,9,10,8,1,1,1,1,1,1,1,1,10,9,9,8,1,1,1,9,8,10,8
217,2026-05-05T00:00:00,火,8,2,9,1,1,1,1,1,1,2,9,8,9,11,8,1,1,1,11,8,9,1,1,1,1,1,1,8,9,9,8,10,9,10,8,1,1,1,1,9,10,8,1,1,1,1
218,2026-05-06T00:00:00,水,2,9,8,9,8,2,9,2,8,8,2,9,11,8,9,9,11,8,9,11,8,9,11,8,10,8,9,10,8,10,10,9,8,9,10,8,8,10,9,8,9,10,10,9,8,10
219,2026-05-07T00:00:00,木,1,1,1,8,2,9,8,9,2,1,1,1,1,1,1,8,9,11,1,1,1,8,9,11,8,9,10,1,1,1,1,1,1,1,1,9,10,8,10,1,1,1,8,10,9,9
220,2026-05-08T00:00:00,金,9,8,2,1,1,1,1,1,1,9,8,2,8,9,11,1,1,1,8,9,11,1,1,1,1,1,1,9,10,8,9,8,10,8,9,1,1,1,1,10,8,9,1,1,1,1
221,2026-05-09T00:00:00,土,,,,,,,,,,,,,,,,,,,,,,,,,,,,,,,,,,,,,,,,,,,,,,
222,2026-05-10T00:00:00,日,,,,,,,,,,,,,,,,,,,,,,,,,,,,,,,,,,,,,,,,,,,,,,
223,2026-05-11T00:00:00,月,1,1,1,10,9,8,10,8,9,1,1,1,1,1,1,10,8,9,1,1,1,10,8,9,9,2,8,1,1,1,1,1,1,1,1,11,9,9,8,1,1,1,9,8,11,8
224,2026-05-12T00:00:00,火,8,10,9,1,1,1,1,1,1,10,9,8,9,10,8,1,1,1,10,8,9,1,1,1,1,1,1,8,9,9,8,2,9,11,8,1,1,1,1,9,11,8,1,1,1,1
225,2026-05-13T00:00:00,水,10,9,8,9,8,10,9,10,8,8,10,9,10,8,9,9,10,8,9,10,8,9,10,8,2,8,9,2,8,2,2,9,8,9,11,8,8,11,9,8,9,11,11,9,8,11
226,2026-05-14T00:00:00,木,1,1,1,8,10,9,8,9,10,1,1,1,1,1,1,8,9,10,1,1,1,8,9,10,8,9,2,1,1,1,1,1,1,1,1,9,11,8,11,1,1,1,8,11,9,9
227,2026-05-15T00:00:00,金,9,8,10,1,1,1,1,1,1,9,8,10,8,9,10,1,1,1,8,9,10,1,1,1,1,1,1,9,2,8,9,8,11,8,9,1,1,1,1,11,8,9,1,1,1,1
228,2026-05-16T00:00:00,土,,,,,,,,,,,,,,,,,,,,,,,,,,,,,,,,,,,,,,,,,,,,,,
229,2026-05-17T00:00:00,日,,,,,,,,,,,,,,,,,,,,,,,,,,,,,,,,,,,,,,,,,,,,,,
230,2026-05-18T00:00:00,月,1,1,1,11,9,8,11,8,9,1,1,1,1,1,1,2,8,9,1,1,1,2,8,9,9,10,8,1,1,1,1,1,1,1,1,10,9,9,8,1,1,1,9,8,10,8
231,2026-05-19T00:00:00,火,8,11,9,1,1,1,1,1,1,11,9,8,9,2,8,1,1,1,2,8,9,1,1,1,1,1,1,8,9,9,8,10,9,10,8,1,1,1,1,9,10,8,1,1,1,1
232,2026-05-20T00:00:00,水,11,9,8,9,8,11,9,11,8,8,11,9,2,8,9,9,2,8,9,2,8,9,2,8,10,8,9,10,8,10,10,9,8,9,10,8,8,10,9,8,9,10,10,9,8,10
233,2026-05-21T00:00:00,木,1,1,1,8,11,9,8,9,11,1,1,1,1,1,1,8,9,2,1,1,1,8,9,2,8,9,10,1,1,1,1,1,1,1,1,9,10,8,10,1,1,1,8,10,9,9
234,2026-05-22T00:00:00,金,9,8,11,1,1,1,1,1,1,9,8,11,8,9,2,1,1,1,8,9,2,1,1,1,1,1,1,9,10,8,9,8,10,8,9,1,1,1,1,10,8,9,1,1,1,1
235,2026-05-23T00:00:00,土,,,,,,,,,,,,,,,,,,,,,,,,,,,,,,,,,,,,,,,,,,,,,,
236,2026-05-24T00:00:00,日,,,,,,,,,,,,,,,,,,,,,,,,,,,,,,,,,,,,,,,,,,,,,,
237,2026-05-25T00:00:00,月,1,1,1,10,9,8,10,8,9,1,1,1,1,1,1,10,8,9,1,1,1,10,8,9,9,11,8,1,1,1,1,1,1,1,1,2,9,9,8,1,1,1,9,8,2,8
238,2026-05-26T00:00:00,火,8,10,9,1,1,1,1,1,1,10,9,8,9,10,8,1,1,1,10,8,9,1,1,1,1,1,1,8,9,9,8,11,9,2,8,1,1,1,1,9,2,8,1,1,1,1
239,2026-05-27T00:00:00,水,10,9,8,9,8,10,9,10,8,8,10,9,10,8,9,9,10,8,9,10,8,9,10,8,11,8,9,11,8,11,11,9,8,9,2,8,8,2,9,8,9,2,2,9,8,2
240,2026-05-28T00:00:00,木,1,1,1,8,10,9,8,9,10,1,1,1,1,1,1,8,9,10,1,1,1,8,9,10,8,9,11,1,1,1,1,1,1,1,1,9,2,8,2,1,1,1,8,2,9,9
241,2026-05-29T00:00:00,金,9,8,10,1,1,1,1,1,1,9,8,10,8,9,10,1,1,1,8,9,10,1,1,1,1,1,1,9,11,8,9,8,2,8,9,1,1,1,1,2,8,9,1,1,1,1
242,2026-05-30T00:00:00,土,,,,,,,,,,,,,,,,,,,,,,,,,,,,,,,,,,,,,,,,,,,,,,
243,2026-05-31T00:00:00,日,,,,,,,,,,,,,,,,,,,,,,,,,,,,,,,,,,,,,,,,,,,,,,
244,2026-06-01T00:00:00,月,1,1,1,2,9,8,2,8,9,1,1,1,1,1,1,11,8,9,1,1,1,11,8,9,9,10,8,1,1,1,1,1,1,1,1,10,9,9,8,1,1,1,9,8,10,8
245,2026-06-02T00:00:00,火,8,2,9,1,1,1,1,1,1,2,9,8,9,11,8,1,1,1,11,8,9,1,1,1,1,1,1,8,9,9,8,10,9,10,8,1,1,1,1,9,10,8,1,1,1,1
246,2026-06-03T00:00:00,水,2,9,8,9,8,2,9,2,8,8,2,9,11,8,9,9,11,8,9,11,8,9,11,8,10,8,9,10,8,10,10,9,8,9,10,8,8,10,9,8,9,10,10,9,8,10
247,2026-06-04T00:00:00,木,1,1,1,8,2,9,8,9,2,1,1,1,1,1,1,8,9,11,1,1,1,8,9,11,8,9,10,1,1,1,1,1,1,1,1,9,10,8,10,1,1,1,8,10,9,9
248,2026-06-05T00:00:00,金,9,8,2,1,1,1,1,1,1,9,8,2,8,9,11,1,1,1,8,9,11,1,1,1,1,1,1,9,10,8,9,8,10,8,9,1,1,1,1,10,8,9,1,1,1,1
249,2026-06-06T00:00:00,土,,,,,,,,,,,,,,,,,,,,,,,,,,,,,,,,,,,,,,,,,,,,,,
250,2026-06-07T00:00:00,日,,,,,,,,,,,,,,,,,,,,,,,,,,,,,,,,,,,,,,,,,,,,,,
251,2026-06-08T00:00:00,月,1,1,1,10,9,8,10,8,9,1,1,1,1,1,1,10,8,9,1,1,1,10,8,9,9,2,8,1,1,1,1,1,1,1,1,11,9,9,8,1,1,1,9,8,11,8
252,2026-06-09T00:00:00,火,8,10,9,1,1,1,1,1,1,10,9,8,9,10,8,1,1,1,10,8,9,1,1,1,1,1,1,8,9,9,8,2,9,11,8,1,1,1,1,9,11,8,1,1,1,1
253,2026-06-10T00:00:00,水,10,9,8,9,8,10,9,10,8,8,10,9,10,8,9,9,10,8,9,10,8,9,10,8,2,8,9,2,8,2,2,9,8,9,11,8,8,11,9,8,9,11,11,9,8,11
254,2026-06-11T00:00:00,木,1,1,1,8,10,9,8,9,10,1,1,1,1,1,1,8,9,10,1,1,1,8,9,10,8,9,2,1,1,1,1,1,1,1,1,9,11,8,11,1,1,1,8,11,9,9
255,2026-06-12T00:00:00,金,9,8,10,1,1,1,1,1,1,9,8,10,8,9,10,1,1,1,8,9,10,1,1,1,1,1,1,9,2,8,9,8,11,8,9,1,1,1,1,11,8,9,1,1,1,1
256,2026-06-13T00:00:00,土,,,,,,,,,,,,,,,,,,,,,,,,,,,,,,,,,,,,,,,,,,,,,,
257,2026-06-14T00:00:00,日,,,,,,,,,,,,,,,,,,,,,,,,,,,,,,,,,,,,,,,,,,,,,,
258,2026-06-15T00:00:00,月,1,1,1,11,9,8,11,8,9,1,1,1,1,1,1,2,8,9,1,1,1,2,8,9,9,10,8,1,1,1,1,1,1,1,1,10,9,9,8,1,1,1,9,8,10,8
259,2026-06-16T00:00:00,火,8,11,9,1,1,1,1,1,1,11,9,8,9,2,8,1,1,1,2,8,9,1,1,1,1,1,1,8,9,9,8,10,9,10,8,1,1,1,1,9,10,8,1,1,1,1
260,2026-06-17T00:00:00,水,11,9,8,9,8,11,9,11,8,8,11,9,2,8,9,9,2,8,9,2,8,9,2,8,10,8,9,10,8,10,10,9,8,9,10,8,8,10,9,8,9,10,10,9,8,10
261,2026-06-18T00:00:00,木,1,1,1,8,11,9,8,9,11,1,1,1,1,1,1,8,9,2,1,1,1,8,9,2,8,9,10,1,1,1,1,1,1,1,1,9,10,8,10,1,1,1,8,10,9,9
262,2026-06-19T00:00:00,金,9,8,11,1,1,1,1,1,1,9,8,11,8,9,2,1,1,1,8,9,2,1,1,1,1,1,1,9,10,8,9,8,10,8,9,1,1,1,1,10,8,9,1,1,1,1
263,2026-06-20T00:00:00,土,,,,,,,,,,,,,,,,,,,,,,,,,,,,,,,,,,,,,,,,,,,,,,
264,2026-06-21T00:00:00,日,,,,,,,,,,,,,,,,,,,,,,,,,,,,,,,,,,,,,,,,,,,,,,
265,2026-06-22T00:00:00,月,1,1,1,10,9,8,10,8,9,1,1,1,1,1,1,10,8,9,1,1,1,10,8,9,9,11,8,1,1,1,1,1,1,1,1,2,9,9,8,1,1,1,9,8,2,8
266,2026-06-23T00:00:00,火,8,10,9,1,1,1,1,1,1,10,9,8,9,10,8,1,1,1,10,8,9,1,1,1,1,1,1,8,9,9,8,11,9,2,8,1,1,1,1,9,2,8,1,1,1,1
267,2026-06-24T00:00:00,水,10,9,8,9,8,10,9,10,8,8,10,9,10,8,9,9,10,8,9,10,8,9,10,8,11,8,9,11,8,11,11,9,8,9,2,8,8,2,9,8,9,2,2,9,8,2
268,2026-06-25T00:00:00,木,1,1,1,8,10,9,8,9,10,1,1,1,1,1,1,8,9,10,1,1,1,8,9,10,8,9,11,1,1,1,1,1,1,1,1,9,2,8,2,1,1,1,8,2,9,9
269,2026-06-26T00:00:00,金,9,8,10,1,1,1,1,1,1,9,8,10,8,9,10,1,1,1,8,9,10,1,1,1,1,1,1,9,11,8,9,8,2,8,9,1,1,1,1,2,8,9,1,1,1,1
270,2026-06-27T00:00:00,土,,,,,,,,,,,,,,,,,,,,,,,,,,,,,,,,,,,,,,,,,,,,,,
271,2026-06-28T00:00:00,日,,,,,,,,,,,,,,,,,,,,,,,,,,,,,,,,,,,,,,,,,,,,,,
272,2026-06-29T00:00:00,月,1,1,1,2,9,8,2,8,9,1,1,1,1,1,1,11,8,9,1,1,1,11,8,9,9,10,8,1,1,1,1,1,1,1,1,10,9,9,8,1,1,1,9,8,10,8
273,2026-06-30T00:00:00,火,8,2,9,1,1,1,1,1,1,2,9,8,9,11,8,1,1,1,11,8,9,1,1,1,1,1,1,8,9,9,8,10,9,10,8,1,1,1,1,9,10,8,1,1,1,1
274,2026-07-01T00:00:00,水,2,9,8,9,8,2,9,2,8,8,2,9,11,8,9,9,11,8,9,11,8,9,11,8,10,8,9,10,8,10,10,9,8,9,10,8,8,10,9,8,9,10,10,9,8,10
275,2026-07-02T00:00:00,木,1,1,1,8,2,9,8,9,2,1,1,1,1,1,1,8,9,11,1,1,1,8,9,11,8,9,10,1,1,1,1,1,1,1,1,9,10,8,10,1,1,1,8,10,9,9
276,2026-07-03T00:00:00,金,9,8,2,1,1,1,1,1,1,9,8,2,8,9,11,1,1,1,8,9,11,1,1,1,1,1,1,9,10,8,9,8,10,8,9,1,1,1,1,10,8,9,1,1,1,1
277,2026-07-04T00:00:00,土,,,,,,,,,,,,,,,,,,,,,,,,,,,,,,,,,,,,,,,,,,,,,,
278,2026-07-05T00:00:00,日,,,,,,,,,,,,,,,,,,,,,,,,,,,,,,,,,,,,,,,,,,,,,,
279,2026-07-06T00:00:00,月,1,1,1,10,9,8,10,8,9,1,1,1,1,1,1,10,8,9,1,1,1,10,8,9,9,2,8,1,1,1,1,1,1,1,1,11,9,9,8,1,1,1,9,8,11,8
280,2026-07-07T00:00:00,火,8,10,9,1,1,1,1,1,1,10,9,8,9,10,8,1,1,1,10,8,9,1,1,1,1,1,1,8,9,9,8,2,9,11,8,1,1,1,1,9,11,8,1,1,1,1
281,2026-07-08T00:00:00,水,10,9,8,9,8,10,9,10,8,8,10,9,10,8,9,9,10,8,9,10,8,9,10,8,2,8,9,2,8,2,2,9,8,9,11,8,8,11,9,8,9,11,11,9,8,11
282,2026-07-09T00:00:00,木,1,1,1,8,10,9,8,9,10,1,1,1,1,1,1,8,9,10,1,1,1,8,9,10,8,9,2,1,1,1,1,1,1,1,1,9,11,8,11,1,1,1,8,11,9,9
283,2026-07-10T00:00:00,金,9,8,10,1,1,1,1,1,1,9,8,10,8,9,10,1,1,1,8,9,10,1,1,1,1,1,1,9,2,8,9,8,11,8,9,1,1,1,1,11,8,9,1,1,1,1
284,2026-07-11T00:00:00,土,,,,,,,,,,,,,,,,,,,,,,,,,,,,,,,,,,,,,,,,,,,,,,
285,2026-07-12T00:00:00,日,,,,,,,,,,,,,,,,,,,,,,,,,,,,,,,,,,,,,,,,,,,,,,
286,2026-07-13T00:00:00,月,1,1,1,11,9,8,11,8,9,1,1,1,1,1,1,2,8,9,1,1,1,2,8,9,9,10,8,1,1,1,1,1,1,1,1,10,9,9,8,1,1,1,9,8,10,8
287,2026-07-14T00:00:00,火,8,11,9,1,1,1,1,1,1,11,9,8,9,2,8,1,1,1,2,8,9,1,1,1,1,1,1,8,9,9,8,10,9,10,8,1,1,1,1,9,10,8,1,1,1,1
288,2026-07-15T00:00:00,水,11,9,8,9,8,11,9,11,8,8,11,9,2,8,9,9,2,8,9,2,8,9,2,8,10,8,9,10,8,10,10,9,8,9,10,8,8,10,9,8,9,10,10,9,8,10
289,2026-07-16T00:00:00,木,1,1,1,8,11,9,8,9,11,1,1,1,1,1,1,8,9,2,1,1,1,8,9,2,8,9,10,1,1,1,1,1,1,1,1,9,10,8,10,1,1,1,8,10,9,9
290,2026-07-17T00:00:00,金,9,8,11,1,1,1,1,1,1,9,8,11,8,9,2,1,1,1,8,9,2,1,1,1,1,1,1,9,10,8,9,8,10,8,9,1,1,1,1,10,8,9,1,1,1,1
291,2026-07-18T00:00:00,土,,,,,,,,,,,,,,,,,,,,,,,,,,,,,,,,,,,,,,,,,,,,,,
292,2026-07-19T00:00:00,日,,,,,,,,,,,,,,,,,,,,,,,,,,,,,,,,,,,,,,,,,,,,,,
293,2026-07-20T00:00:00,月,1,1,1,10,9,8,10,8,9,1,1,1,1,1,1,10,8,9,1,1,1,10,8,9,9,11,8,1,1,1,1,1,1,1,1,2,9,9,8,1,1,1,9,8,2,8
294,2026-07-21T00:00:00,火,8,10,9,1,1,1,1,1,1,10,9,8,9,10,8,1,1,1,10,8,9,1,1,1,1,1,1,8,9,9,8,11,9,2,8,1,1,1,1,9,2,8,1,1,1,1
295,2026-07-22T00:00:00,水,10,9,8,9,8,10,9,10,8,8,10,9,10,8,9,9,10,8,9,10,8,9,10,8,11,8,9,11,8,11,11,9,8,9,2,8,8,2,9,8,9,2,2,9,8,2
296,2026-07-23T00:00:00,木,1,1,1,8,10,9,8,9,10,1,1,1,1,1,1,8,9,10,1,1,1,8,9,10,8,9,11,1,1,1,1,1,1,1,1,9,2,8,2,1,1,1,8,2,9,9
297,2026-07-24T00:00:00,金,9,8,10,1,1,1,1,1,1,9,8,10,8,9,10,1,1,1,8,9,10,1,1,1,1,1,1,9,11,8,9,8,2,8,9,1,1,1,1,2,8,9,1,1,1,1
298,2026-07-25T00:00:00,土,,,,,,,,,,,,,,,,,,,,,,,,,,,,,,,,,,,,,,,,,,,,,,
299,2026-07-26T00:00:00,日,,,,,,,,,,,,,,,,,,,,,,,,,,,,,,,,,,,,,,,,,,,,,,
300,2026-07-27T00:00:00,月,1,1,1,2,9,8,2,8,9,1,1,1,1,1,1,11,8,9,1,1,1,11,8,9,9,10,8,1,1,1,1,1,1,1,1,10,9,9,8,1,1,1,9,8,10,8
301,2026-07-28T00:00:00,火,8,2,9,1,1,1,1,1,1,2,9,8,9,11,8,1,1,1,11,8,9,1,1,1,1,1,1,8,9,9,8,10,9,10,8,1,1,1,1,9,10,8,1,1,1,1
302,2026-07-29T00:00:00,水,2,9,8,9,8,2,9,2,8,8,2,9,11,8,9,9,11,8,9,11,8,9,11,8,10,8,9,10,8,10,10,9,8,9,10,8,8,10,9,8,9,10,10,9,8,10
303,2026-07-30T00:00:00,木,1,1,1,8,2,9,8,9,2,1,1,1,1,1,1,8,9,11,1,1,1,8,9,11,8,9,10,1,1,1,1,1,1,1,1,9,10,8,10,1,1,1,8,10,9,9
304,2026-07-31T00:00:00,金,9,8,2,1,1,1,1,1,1,9,8,2,8,9,11,1,1,1,8,9,11,1,1,1,1,1,1,9,10,8,9,8,10,8,9,1,1,1,1,10,8,9,1,1,1,1
305,2026-08-01T00:00:00,土,,,,,,,,,,,,,,,,,,,,,,,,,,,,,,,,,,,,,,,,,,,,,,
306,2026-08-02T00:00:00,日,,,,,,,,,,,,,,,,,,,,,,,,,,,,,,,,,,,,,,,,,,,,,,
307,2026-08-03T00:00:00,月,1,1,1,10,9,8,10,8,9,1,1,1,1,1,1,10,8,9,1,1,1,10,8,9,9,2,8,1,1,1,1,1,1,1,1,11,9,9,8,1,1,1,9,8,11,8
308,2026-08-04T00:00:00,火,8,10,9,1,1,1,1,1,1,10,9,8,9,10,8,1,1,1,10,8,9,1,1,1,1,1,1,8,9,9,8,2,9,11,8,1,1,1,1,9,11,8,1,1,1,1
309,2026-08-05T00:00:00,水,10,9,8,9,8,10,9,10,8,8,10,9,10,8,9,9,10,8,9,10,8,9,10,8,2,8,9,2,8,2,2,9,8,9,11,8,8,11,9,8,9,11,11,9,8,11
310,2026-08-06T00:00:00,木,1,1,1,8,10,9,8,9,10,1,1,1,1,1,1,8,9,10,1,1,1,8,9,10,8,9,2,1,1,1,1,1,1,1,1,9,11,8,11,1,1,1,8,11,9,9
311,2026-08-07T00:00:00,金,9,8,10,1,1,1,1,1,1,9,8,10,8,9,10,1,1,1,8,9,10,1,1,1,1,1,1,9,2,8,9,8,11,8,9,1,1,1,1,11,8,9,1,1,1,1
312,2026-08-08T00:00:00,土,,,,,,,,,,,,,,,,,,,,,,,,,,,,,,,,,,,,,,,,,,,,,,
313,2026-08-09T00:00:00,日,,,,,,,,,,,,,,,,,,,,,,,,,,,,,,,,,,,,,,,,,,,,,,
314,2026-08-10T00:00:00,月,1,1,1,11,9,8,11,8,9,1,1,1,1,1,1,2,8,9,1,1,1,2,8,9,9,10,8,1,1,1,1,1,1,1,1,10,9,9,8,1,1,1,9,8,10,8
315,2026-08-11T00:00:00,火,8,11,9,1,1,1,1,1,1,11,9,8,9,2,8,1,1,1,2,8,9,1,1,1,1,1,1,8,9,9,8,10,9,10,8,1,1,1,1,9,10,8,1,1,1,1
316,2026-08-12T00:00:00,水,11,9,8,9,8,11,9,11,8,8,11,9,2,8,9,9,2,8,9,2,8,9,2,8,10,8,9,10,8,10,10,9,8,9,10,8,8,10,9,8,9,10,10,9,8,10
317,2026-08-13T00:00:00,木,1,1,1,8,11,9,8,9,11,1,1,1,1,1,1,8,9,2,1,1,1,8,9,2,8,9,10,1,1,1,1,1,1,1,1,9,10,8,10,1,1,1,8,10,9,9
318,2026-08-14T00:00:00,金,9,8,11,1,1,1,1,1,1,9,8,11,8,9,2,1,1,1,8,9,2,1,1,1,1,1,1,9,10,8,9,8,10,8,9,1,1,1,1,10,8,9,1,1,1,1
319,2026-08-15T00:00:00,土,,,,,,,,,,,,,,,,,,,,,,,,,,,,,,,,,,,,,,,,,,,,,,
320,2026-08-16T00:00:00,日,,,,,,,,,,,,,,,,,,,,,,,,,,,,,,,,,,,,,,,,,,,,,,
321,2026-08-17T00:00:00,月,1,1,1,10,9,8,10,8,9,1,1,1,1,1,1,10,8,9,1,1,1,10,8,9,9,11,8,1,1,1,1,1,1,1,1,2,9,9,8,1,1,1,9,8,2,8
322,2026-08-18T00:00:00,火,8,10,9,1,1,1,1,1,1,10,9,8,9,10,8,1,1,1,10,8,9,1,1,1,1,1,1,8,9,9,8,11,9,2,8,1,1,1,1,9,2,8,1,1,1,1
323,2026-08-19T00:00:00,水,10,9,8,9,8,10,9,10,8,8,10,9,10,8,9,9,10,8,9,10,8,9,10,8,11,8,9,11,8,11,11,9,8,9,2,8,8,2,9,8,9,2,2,9,8,2
324,2026-08-20T00:00:00,木,1,1,1,8,10,9,8,9,10,1,1,1,1,1,1,8,9,10,1,1,1,8,9,10,8,9,11,1,1,1,1,1,1,1,1,9,2,8,2,1,1,1,8,2,9,9
325,2026-08-21T00:00:00,金,9,8,10,1,1,1,1,1,1,9,8,10,8,9,10,1,1,1,8,9,10,1,1,1,1,1,1,9,11,8,9,8,2,8,9,1,1,1,1,2,8,9,1,1,1,1
326,2026-08-22T00:00:00,土,,,,,,,,,,,,,,,,,,,,,,,,,,,,,,,,,,,,,,,,,,,,,,
327,2026-08-23T00:00:00,日,,,,,,,,,,,,,,,,,,,,,,,,,,,,,,,,,,,,,,,,,,,,,,
328,2026-08-24T00:00:00,月,1,1,1,2,9,8,2,8,9,1,1,1,1,1,1,11,8,9,1,1,1,11,8,9,9,10,8,1,1,1,1,1,1,1,1,10,9,9,8,1,1,1,9,8,10,8
329,2026-08-25T00:00:00,火,8,2,9,1,1,1,1,1,1,2,9,8,9,11,8,1,1,1,11,8,9,1,1,1,1,1,1,8,9,9,8,10,9,10,8,1,1,1,1,9,10,8,1,1,1,1
330,2026-08-26T00:00:00,水,2,9,8,9,8,2,9,2,8,8,2,9,11,8,9,9,11,8,9,11,8,9,11,8,10,8,9,10,8,10,10,9,8,9,10,8,8,10,9,8,9,10,10,9,8,10
331,2026-08-27T00:00:00,木,1,1,1,8,2,9,8,9,2,1,1,1,1,1,1,8,9,11,1,1,1,8,9,11,8,9,10,1,1,1,1,1,1,1,1,9,10,8,10,1,1,1,8,10,9,9
332,2026-08-28T00:00:00,金,9,8,2,1,1,1,1,1,1,9,8,2,8,9,11,1,1,1,8,9,11,1,1,1,1,1,1,9,10,8,9,8,10,8,9,1,1,1,1,10,8,9,1,1,1,1
333,2026-08-29T00:00:00,土,,,,,,,,,,,,,,,,,,,,,,,,,,,,,,,,,,,,,,,,,,,,,,
334,2026-08-30T00:00:00,日,,,,,,,,,,,,,,,,,,,,,,,,,,,,,,,,,,,,,,,,,,,,,,
335,2026-08-31T00:00:00,月,1,1,1,10,9,8,10,8,9,1,1,1,1,1,1,10,8,9,1,1,1,10,8,9,9,2,8,1,1,1,1,1,1,1,1,11,9,9,8,1,1,1,9,8,11,8
336,2026-09-01T00:00:00,火,8,10,9,1,1,1,1,1,1,10,9,8,9,10,8,1,1,1,10,8,9,1,1,1,1,1,1,8,9,9,8,2,9,11,8,1,1,1,1,9,11,8,1,1,1,1
337,2026-09-02T00:00:00,水,10,9,8,9,8,10,9,10,8,8,10,9,10,8,9,9,10,8,9,10,8,9,10,8,2,8,9,2,8,2,2,9,8,9,11,8,8,11,9,8,9,11,11,9,8,11
338,2026-09-03T00:00:00,木,1,1,1,8,10,9,8,9,10,1,1,1,1,1,1,8,9,10,1,1,1,8,9,10,8,9,2,1,1,1,1,1,1,1,1,9,11,8,11,1,1,1,8,11,9,9
339,2026-09-04T00:00:00,金,9,8,10,1,1,1,1,1,1,9,8,10,8,9,10,1,1,1,8,9,10,1,1,1,1,1,1,9,2,8,9,8,11,8,9,1,1,1,1,11,8,9,1,1,1,1
340,2026-09-05T00:00:00,土,,,,,,,,,,,,,,,,,,,,,,,,,,,,,,,,,,,,,,,,,,,,,,
341,2026-09-06T00:00:00,日,,,,,,,,,,,,,,,,,,,,,,,,,,,,,,,,,,,,,,,,,,,,,,
342,2026-09-07T00:00:00,月,1,1,1,11,9,8,11,8,9,1,1,1,1,1,1,2,8,9,1,1,1,2,8,9,9,10,8,1,1,1,1,1,1,1,1,10,9,9,8,1,1,1,9,8,10,8
343,2026-09-08T00:00:00,火,8,11,9,1,1,1,1,1,1,11,9,8,9,2,8,1,1,1,2,8,9,1,1,1,1,1,1,8,9,9,8,10,9,10,8,1,1,1,1,9,10,8,1,1,1,1
344,2026-09-09T00:00:00,水,11,9,8,9,8,11,9,11,8,8,11,9,2,8,9,9,2,8,9,2,8,9,2,8,10,8,9,10,8,10,10,9,8,9,10,8,8,10,9,8,9,10,10,9,8,10
345,2026-09-10T00:00:00,木,1,1,1,8,11,9,8,9,11,1,1,1,1,1,1,8,9,2,1,1,1,8,9,2,8,9,10,1,1,1,1,1,1,1,1,9,10,8,10,1,1,1,8,10,9,9
346,2026-09-11T00:00:00,金,9,8,11,1,1,1,1,1,1,9,8,11,8,9,2,1,1,1,8,9,2,1,1,1,1,1,1,9,10,8,9,8,10,8,9,1,1,1,1,10,8,9,1,1,1,1
347,2026-09-12T00:00:00,土,,,,,,,,,,,,,,,,,,,,,,,,,,,,,,,,,,,,,,,,,,,,,,
348,2026-09-13T00:00:00,日,,,,,,,,,,,,,,,,,,,,,,,,,,,,,,,,,,,,,,,,,,,,,,
349,2026-09-14T00:00:00,月,1,1,1,10,9,8,10,8,9,1,1,1,1,1,1,10,8,9,1,1,1,10,8,9,9,11,8,1,1,1,1,1,1,1,1,2,9,9,8,1,1,1,9,8,2,8
350,2026-09-15T00:00:00,火,8,10,9,1,1,1,1,1,1,10,9,8,9,10,8,1,1,1,10,8,9,1,1,1,1,1,1,8,9,9,8,11,9,2,8,1,1,1,1,9,2,8,1,1,1,1
351,2026-09-16T00:00:00,水,10,9,8,9,8,10,9,10,8,8,10,9,10,8,9,9,10,8,9,10,8,9,10,8,11,8,9,11,8,11,11,9,8,9,2,8,8,2,9,8,9,2,2,9,8,2
352,2026-09-17T00:00:00,木,1,1,1,8,10,9,8,9,10,1,1,1,1,1,1,8,9,10,1,1,1,8,9,10,8,9,11,1,1,1,1,1,1,1,1,9,2,8,2,1,1,1,8,2,9,9
353,2026-09-18T00:00:00,金,9,8,10,1,1,1,1,1,1,9,8,10,8,9,10,1,1,1,8,9,10,1,1,1,1,1,1,9,11,8,9,8,2,8,9,1,1,1,1,2,8,9,1,1,1,1
354,2026-09-19T00:00:00,土,,,,,,,,,,,,,,,,,,,,,,,,,,,,,,,,,,,,,,,,,,,,,,
355,2026-09-20T00:00:00,日,,,,,,,,,,,,,,,,,,,,,,,,,,,,,,,,,,,,,,,,,,,,,,
356,2026-09-21T00:00:00,月,1,1,1,2,9,8,2,8,9,1,1,1,1,1,1,11,8,9,1,1,1,11,8,9,9,10,8,1,1,1,1,1,1,1,1,10,9,9,8,1,1,1,9,8,10,8
357,2026-09-22T00:00:00,火,8,2,9,1,1,1,1,1,1,2,9,8,9,11,8,1,1,1,11,8,9,1,1,1,1,1,1,8,9,9,8,10,9,10,8,1,1,1,1,9,10,8,1,1,1,1
358,2026-09-23T00:00:00,水,2,9,8,9,8,2,9,2,8,8,2,9,11,8,9,9,11,8,9,11,8,9,11,8,10,8,9,10,8,10,10,9,8,9,10,8,8,10,9,8,9,10,10,9,8,10
359,2026-09-24T00:00:00,木,1,1,1,8,2,9,8,9,2,1,1,1,1,1,1,8,9,11,1,1,1,8,9,11,8,9,10,1,1,1,1,1,1,1,1,9,10,8,10,1,1,1,8,10,9,9
360,2026-09-25T00:00:00,金,9,8,2,1,1,1,1,1,1,9,8,2,8,9,11,1,1,1,8,9,11,1,1,1,1,1,1,9,10,8,9,8,10,8,9,1,1,1,1,10,8,9,1,1,1,1
361,2026-09-26T00:00:00,土,,,,,,,,,,,,,,,,,,,,,,,,,,,,,,,,,,,,,,,,,,,,,,
362,2026-09-27T00:00:00,日,,,,,,,,,,,,,,,,,,,,,,,,,,,,,,,,,,,,,,,,,,,,,,
363,2026-09-28T00:00:00,月,1,1,1,10,9,8,10,8,9,1,1,1,1,1,1,10,8,9,1,1,1,10,8,9,9,2,8,1,1,1,1,1,1,1,1,11,9,9,8,1,1,1,9,8,11,8
364,2026-09-29T00:00:00,火,8,10,9,1,1,1,1,1,1,10,9,8,9,10,8,1,1,1,10,8,9,1,1,1,1,1,1,8,9,9,8,2,9,11,8,1,1,1,1,9,11,8,1,1,1,1
365,2026-09-30T00:00:00,水,10,9,8,9,8,10,9,10,8,8,10,9,10,8,9,9,10,8,9,10,8,9,10,8,2,8,9,2,8,2,2,9,8,9,11,8,8,11,9,8,9,11,11,9,8,11
